title,description,organization,category,prerequisites,url,platform,format,project,difficulty,duration
Computer Basics,Comprehensive introduction to computer fundamentals including hardware components operating systems file management and basic troubleshooting skills essential for anyone starting their technology journey,GCF Global,computer,,https://edu.gcfglobal.org/en/computerbasics/,gcfglobal,course,0,0,8
Basic Computer Skills,Essential computer skills covering mouse and keyboard usage file organization internet browsing email basics and fundamental software operations for everyday computing tasks,GCF Global,computer,,https://edu.gcfglobal.org/en/basic-computer-skills/,gcfglobal,course,0,0,6
Computer Science Fundamentals,Introduction to core computer science concepts including algorithms programming logic data structures and computational thinking designed to build foundational knowledge for technical careers,GCF Global,computer,,https://edu.gcfglobal.org/en/computer-science/,gcfglobal,course,0,1,10
Tech Savvy Skills,Modern digital literacy skills including cloud computing social media safety mobile device usage online privacy and staying current with emerging technologies,GCF Global,computer,computer,https://edu.gcfglobal.org/en/techsavvy/,gcfglobal,course,0,1,8
Internet Basics,Fundamental concepts of how the internet works including browsers search engines URLs web addresses online navigation and understanding web page structure,GCF Global,internet,,https://edu.gcfglobal.org/en/internetbasics/,gcfglobal,course,0,0,4
Internet Tips and Safety,Advanced internet usage covering online safety cybersecurity awareness password management avoiding scams and protecting personal information while browsing and using online services,GCF Global,internet,internet,https://edu.gcfglobal.org/en/internet-tips/,gcfglobal,course,0,1,3
Software Programming and Database Basics,Comprehensive introduction to programming fundamentals database concepts and software development lifecycle designed to provide foundational knowledge for aspiring developers,IBM,computer,,https://www.edx.org/learn/software-development/ibm-software-programming-and-database-basics,edx,course,0,1,40
Cybersecurity Basics Tools and Cyberattacks,Essential cybersecurity concepts covering common attack vectors security tools threat assessment and defensive strategies for protecting digital assets and personal information,IBM,security,computer,https://www.edx.org/learn/cybersecurity/ibm-cybersecurity-basics-tools-and-cyberattacks,edx,course,0,2,30
Git for Distributed Software Development,Comprehensive Git version control training covering repositories branching merging collaboration workflows and distributed development practices essential for modern software teams,Linux Foundation,git,computer,https://www.edx.org/learn/git/the-linux-foundation-git-for-distributed-software-development,edx,course,1,2,25
Introduction to SQL,Fundamental SQL database querying skills including SELECT statements filtering sorting joins and basic data manipulation essential for working with relational databases,IBM,sql,,https://www.edx.org/learn/sql/ibm-introduction-to-sql,edx,course,0,1,20
Data Warehousing and BI Analytics,Advanced database concepts covering data warehouse design business intelligence reporting analytics and decision support systems for enterprise data management,IBM,sql,sql,https://www.edx.org/learn/data-warehouse/ibm-data-warehousing-and-bi-analytics,edx,course,1,3,35
Relational Database Management Systems,Comprehensive RDBMS concepts including database design normalization transaction management concurrency control and database administration fundamentals,University of Maryland Baltimore County,database,sql,https://www.edx.org/learn/databases/university-of-maryland-baltimore-county-relational-database-management-systems,edx,course,0,3,40
Introduction to SQL and Relational Databases,Combined course covering SQL fundamentals and relational database theory including entity-relationship modeling normalization and practical database design principles,Universitat Politècnica de València,sql,database,https://www.edx.org/learn/sql/universitat-politecnica-de-valencia-introduction-to-sql-and-relational-databases,edx,course,0,2,30
Exploring GraphQL A Query Language for APIs,Introduction to GraphQL concepts including schema design query language resolvers and implementation patterns for building efficient and flexible APIs,Linux Foundation,graphql,javascript,https://www.edx.org/learn/graphql/the-linux-foundation-exploring-graphql-a-query-language-for-apis,edx,course,0,3,15
Scripting with Python and SQL for Data Engineering,"Advanced Python programming combined with SQL for data processing pipelines ETL operations and automated data workflows in enterprise environments",Pragmatic AI Labs,"python,sql",python,https://www.edx.org/learn/data-engineering/pragmatic-ai-labs-scripting-with-python-and-sql-for-data-engineering,edx,course,1,3,25
Open Source LLMOps,Large language model operations covering deployment monitoring scaling and maintenance of AI systems in production environments with open source tools,Pragmatic AI Labs,ci_cd,python,https://www.edx.org/learn/computer-science/pragmatic-ai-labs-open-source-llmops-2,edx,course,1,4,30
Python Programming Object-Oriented Design,Advanced Python programming focusing on object-oriented principles design patterns inheritance polymorphism and building maintainable scalable applications,Codio,python,python,https://www.edx.org/learn/python/codio-python-programming-object-oriented-design,edx,course,1,3,35
UX UI Design Fundamentals,Comprehensive user experience and interface design principles covering user research wireframing prototyping usability testing and design thinking methodologies,Institute of Product Leadership,ui_ux,,https://www.edx.org/learn/design/institute-of-product-leadership-ipl-ux-ui-design-fundamentals,edx,course,1,2,25
UX Design,Professional user experience design course covering user research personas journey mapping information architecture and creating user-centered digital experiences,HEC Montréal,ui_ux,,https://www.edx.org/learn/ux-design/hec-montreal-ux-design,edx,course,1,2,30
Introduction to User Experience,Foundational UX design concepts including user psychology interface design principles accessibility guidelines and basic usability evaluation methods,HEC Montréal,ui_ux,,https://www.edx.org/learn/user-experience-ux/hec-montreal-introduction-to-user-experience,edx,course,0,1,20
UX Prototyping,Hands-on prototyping techniques using industry-standard tools for creating interactive mockups wireframes and testing user interface concepts before development,HEC Montréal,ui_ux,ui_ux,https://www.edx.org/learn/design/hec-montreal-ux-prototyping,edx,course,1,2,25
UX Evaluation User Testing,Advanced UX evaluation methods including usability testing A/B testing analytics interpretation and iterative design improvement based on user feedback,HEC Montréal,ui_ux,ui_ux,https://www.edx.org/learn/user-experience-ux/hec-montreal-ux-evaluation-user-testing,edx,course,1,3,20
Agile and Scrum Fundamentals,Comprehensive Agile methodology training covering Scrum framework sprint planning daily standups retrospectives and implementing Agile practices in software development teams,IBM,agile,,https://www.edx.org/learn/agile/ibm-agile-and-scrum-fundamentals,edx,course,0,2,15
Fundamentals of Digital Transformation,Strategic approach to digital transformation covering technology adoption change management digital business models and organizational transformation in the digital economy,Dartmouth College,product,,https://www.edx.org/learn/data-analysis-statistics/dartmouth-college-fundamentals-of-digital-transformation,edx,course,0,2,25
Cybersecurity Compliance and System Administration,Advanced cybersecurity covering compliance frameworks security policies system hardening and administrative controls for enterprise security management,IBM,security,security,https://www.edx.org/learn/cybersecurity/ibm-cybersecurity-compliance-and-system-administration,edx,course,0,3,30
Cybersecurity Essentials,Essential cybersecurity concepts covering threat landscape risk assessment security controls incident response and developing organizational security awareness,University System of Maryland,security,computer,https://www.edx.org/learn/computer-science/university-system-of-maryland-cybersecurity-essentials,edx,course,0,2,35
Cybersecurity Capstone and Case Studies,Advanced cybersecurity case studies covering real-world scenarios threat analysis incident investigation and comprehensive security project implementation,IBM,security,security,https://www.edx.org/learn/cybersecurity/ibm-cybersecurity-capstone-and-case-studies,edx,course,1,4,40
HTML5 and CSS Fundamentals,Modern HTML5 and CSS development covering semantic markup responsive design CSS Grid Flexbox and contemporary web standards for professional web development,W3C,html,computer,https://www.edx.org/learn/css/the-world-wide-web-consortium-w3c-html5-and-css-fundamentals,edx,course,0,1,25
CSS Basics,Fundamental CSS styling techniques covering selectors properties layout models typography color theory and creating visually appealing web interfaces,W3C,css,html,https://www.edx.org/learn/css/the-world-wide-web-consortium-w3c-css-basics,edx,course,0,1,15
HTML5 Coding Essentials and Best Practices,Advanced HTML5 development techniques covering accessibility semantic web progressive enhancement and industry best practices for maintainable markup,W3C,html,html,https://www.edx.org/learn/html5/the-world-wide-web-consortium-w3c-html5-coding-essentials-and-best-practices,edx,course,0,2,20
JavaScript Introduction,Fundamentals of JavaScript programming covering variables functions objects arrays DOM manipulation and basic programming logic for interactive web development,W3C,javascript,html,https://www.edx.org/learn/javascript/the-world-wide-web-consortium-w3c-javascript-introduction,edx,course,0,1,20
Introduction to Node.js,Server-side JavaScript development with Node.js covering runtime environment npm package management asynchronous programming and building backend applications,Linux Foundation,nodejs,javascript,https://www.edx.org/learn/node-js/the-linux-foundation-introduction-to-node-js,edx,course,0,2,25
Database Basics and Security,Database fundamentals with security considerations covering access controls encryption backup strategies and protecting sensitive data in database systems,IBM,sql,security,https://www.edx.org/learn/network-security/ibm-database-basics-and-security,edx,course,0,2,20
Relational Database Administration DBA,Professional database administration covering installation configuration performance tuning backup recovery and maintaining enterprise database systems,IBM,postgresql,sql,https://www.edx.org/learn/databases/ibm-relational-database-administration-dba,edx,course,0,3,35
Relational Database Design,Advanced database design principles covering normalization entity-relationship modeling schema optimization and designing efficient scalable database architectures,University of Maryland Baltimore County,database,sql,https://www.edx.org/learn/relational-databases/university-of-maryland-baltimore-county-relational-database-design,edx,course,1,3,30
Networking Basics and Security,Computer networking fundamentals covering protocols network architecture security considerations and basic network administration for IT professionals,IBM,linux,computer,https://www.edx.org/learn/computer-science/ibm-networking-basics-and-security,edx,course,0,2,25
DevOps Basics for Everyone,Introduction to DevOps practices covering collaboration culture automation continuous integration deployment pipelines and DevOps toolchain fundamentals,IBM,ci_cd,,https://www.edx.org/learn/devops/ibm-devops-basics-for-everyone,edx,course,0,1,20
Information Technology IT Fundamentals for Everyone,Comprehensive IT fundamentals covering hardware software networks databases cloud computing and essential technology concepts for modern professionals,IBM,computer,,https://www.edx.org/learn/computer-science/ibm-information-technology-it-fundamentals-for-everyone,edx,course,0,1,25
Linux Commands Shell Scripting,Linux command line proficiency covering bash scripting file systems process management system administration and automation with shell scripts,IBM,bash,computer,https://www.edx.org/learn/linux/ibm-linux-commands-shell-scripting,edx,course,0,2,30
Introduction to Containers Kubernetes and OpenShift,Container orchestration fundamentals covering Docker Kubernetes deployment scaling service management and enterprise container platform administration,IBM,docker,linux,https://www.edx.org/learn/kubernetes/ibm-introduction-to-containers-kubernetes-and-openshift,edx,course,0,3,35
Developing Cloud Native Applications,"Building applications for cloud environments covering microservices architecture containerization scalability patterns and cloud-native development practices",IBM,"ci_cd,docker",docker,https://www.edx.org/learn/cloud-computing/ibm-developing-cloud-native-applications,edx,course,1,3,40
Linux Tools for Software Development,Linux development environment and tools covering text editors compilers debuggers version control and productive Linux-based software development workflows,Linux Foundation,linux,bash,https://www.edx.org/learn/linux/the-linux-foundation-linux-tools-for-software-development,edx,course,0,3,25
Virtualization Docker and Kubernetes for Data Engineering,Container technologies specifically for data engineering workflows covering Docker Kubernetes data pipelines and containerized analytics environments,Pragmatic AI Labs,docker,python,https://www.edx.org/learn/data-engineering/pragmatic-ai-labs-virtualization-docker-and-kubernetes-for-data-engineering,edx,course,1,3,30
Introduction to DevSecOps for Managers,DevSecOps practices for management covering security integration governance risk management and leading secure development transformation initiatives,Linux Foundation,ci_cd,security,https://www.edx.org/learn/devsecops/the-linux-foundation-introduction-to-devsecops-for-managers,edx,course,0,2,15
Unix Tools Data Software and Production Engineering,Unix tools for software engineering covering command-line utilities data processing automation and production system management in Unix environments,Delft University of Technology,bash,linux,https://www.edx.org/learn/unix/delft-university-of-technology-unix-tools-data-software-and-production-engineering,edx,course,0,3,30
Containers Fundamentals,Basic container concepts and usage covering containerization principles Docker basics image management and container lifecycle for modern application deployment,Linux Foundation,docker,linux,https://www.edx.org/learn/computer-science/the-linux-foundation-containers-fundamentals,edx,course,0,2,20
Cloud Application Developer Capstone,"Comprehensive full-stack cloud application development project combining Django React containers and cloud deployment in a real-world scenario",IBM,"django,react",django,https://www.edx.org/learn/cloud-computing/ibm-cloud-application-developer-capstone,edx,course,1,4,50
Learn How to Code,Introduction to programming concepts covering computational thinking problem-solving logic and fundamental programming principles for complete beginners,Codecademy,computer,,https://www.codecademy.com/learn/learn-how-to-code,codecademy,course,0,0,10
Software Design Principles,Fundamental software design concepts covering SOLID principles design patterns code organization and building maintainable scalable software architectures,Codecademy,computer,computer,https://www.codecademy.com/learn/software-design-principles,codecademy,course,0,2,15
Introduction to Open Source,Open source development and collaboration covering licenses community contribution version control workflows and participating in open source projects,Codecademy,git,computer,https://www.codecademy.com/learn/introduction-to-open-source,codecademy,course,0,1,8
Learn Build Tools,"Development build tools and automation covering webpack gulp npm scripts task runners and modern development workflow optimization",Codecademy,"ci_cd,webpack,npm",javascript,https://www.codecademy.com/learn/learn-build-tools,codecademy,course,0,2,12
The DevSecOps Life Cycle,"Security integration in development lifecycle covering threat modeling security testing secure coding practices and embedding security throughout development",Codecademy,"ci_cd,security",ci_cd,https://www.codecademy.com/learn/ext-courses/the-devsecops-life-cycle,codecademy,course,0,3,20
DevSecOps Methodologies,"DevSecOps practices and methodologies covering security automation vulnerability management compliance and implementing security-first development culture",Codecademy,"ci_cd,security",ci_cd,https://www.codecademy.com/learn/ext-courses/devsecops-methodologies,codecademy,course,0,3,18
Learn HTML Forms,HTML form creation and handling covering input types validation accessibility form processing and creating user-friendly interactive web forms,Codecademy,html,html,https://www.codecademy.com/learn/learn-html-forms,codecademy,course,0,2,8
Becoming a Secure Coder,Security practices in software development covering secure coding standards vulnerability prevention threat modeling and building security-conscious applications,Codecademy,security,computer,https://www.codecademy.com/learn/becoming-a-secure-coder,codecademy,course,0,3,25
Learn Visual Design,Visual design principles and techniques covering typography color theory layout composition and creating aesthetically pleasing user interfaces,Codecademy,ui_ux,,https://www.codecademy.com/learn/learn-visual-design,codecademy,course,0,1,15
Learn Design Thinking Ideation,Design thinking process and ideation methods covering user empathy problem definition brainstorming and innovative solution development,Codecademy,ui_ux,,https://www.codecademy.com/learn/learn-design-thinking-ideation,codecademy,course,0,2,12
Learn Git Introduction,Git version control basics covering repositories commits branches merging and fundamental version control workflows for individual developers,Codecademy,git,computer,https://www.codecademy.com/learn/learn-git-introduction,codecademy,course,0,1,10
Learn GitHub Introduction,GitHub platform and collaboration covering pull requests issues project management and collaborative development workflows using GitHub,Codecademy,github,git,https://www.codecademy.com/learn/learn-github-introduction,codecademy,course,0,1,8
Using Git for DevOps Using Git Effectively,"Advanced Git workflows for DevOps covering branching strategies release management automation and Git best practices in professional development teams",Codecademy,"git,ci_cd",git,https://www.codecademy.com/learn/ext-courses/using-git-for-devops-using-git-effectively,codecademy,course,0,3,15
Learn GitHub Best Practices,GitHub collaboration best practices covering code review workflows issue management project organization and maintaining high-quality collaborative repositories,Codecademy,github,github,https://www.codecademy.com/learn/learn-github-best-practices,codecademy,course,0,2,10
Learn Git Branching and Collaboration,Advanced Git branching strategies covering feature branches merge strategies conflict resolution and collaborative development workflows,Codecademy,git,git,https://www.codecademy.com/learn/learn-git-branching-and-collaboration,codecademy,course,0,2,12
Learn Testing for Web Development Fundamentals,"Web application testing principles covering unit testing integration testing test-driven development and quality assurance practices for web applications",Codecademy,"testing,javascript",javascript,https://www.codecademy.com/learn/learn-testing-for-web-development-fundamentals,codecademy,course,1,2,20
2021 OWASP Top 10 Injection Attacks,Understanding and preventing injection attacks covering SQL injection command injection and secure coding practices to mitigate injection vulnerabilities,Codecademy,security,computer,https://www.codecademy.com/learn/2021-owasp-top-10-injection-attacks,codecademy,course,0,3,8
Learn About CSRF Attacks,Cross-site request forgery prevention covering CSRF tokens same-origin policy and implementing protection against CSRF attacks in web applications,Codecademy,csrf,security,https://www.codecademy.com/learn/learn-about-csrf-attacks,codecademy,course,0,3,6
2021 OWASP Top 10 Broken Access Control,Access control vulnerabilities and prevention covering authorization authentication session management and implementing secure access control systems,Codecademy,auth,security,https://www.codecademy.com/learn/2021-owasp-top-10-broken-access-control,codecademy,course,0,3,8
2021 OWASP Top 10 Server Side Request Forgery,SSRF attack prevention covering input validation URL filtering and protecting applications from server-side request forgery vulnerabilities,Codecademy,security,computer,https://www.codecademy.com/learn/2021-owasp-top-10-server-side-request-forgery,codecademy,course,0,3,6
OWASP Top 10 Security Misconfiguration,Security configuration best practices covering secure defaults configuration management and preventing security misconfigurations in applications and infrastructure,Codecademy,security,computer,https://www.codecademy.com/learn/owasp-top-10-security-misconfiguration,codecademy,course,0,3,8
2021 OWASP Top 10 Security Logging and Monitoring Failures,Security logging and monitoring practices covering audit trails incident detection threat monitoring and building comprehensive security observability,Codecademy,security,computer,https://www.codecademy.com/learn/2021-owasp-top-10-security-logging-and-monitoring-failures,codecademy,course,0,3,10
2021 OWASP Top 10 Identification and Authentication Failures,Authentication security vulnerabilities covering password security multi-factor authentication session management and preventing authentication bypass attacks,Codecademy,auth,security,https://www.codecademy.com/learn/2021-owasp-top-10-identification-and-authentication-failures,codecademy,course,0,3,8
2021 OWASP Top 10 Insecure Design,Secure software design principles covering threat modeling security architecture design patterns and building security into application design from the ground up,Codecademy,security,computer,https://www.codecademy.com/learn/2021-owasp-top-10-insecure-design,codecademy,course,0,3,10
Security Principles for DevSecOps,"Security integration in DevOps practices covering shift-left security automated security testing and building security into continuous delivery pipelines",Codecademy,"ci_cd,security",ci_cd,https://www.codecademy.com/learn/ext-courses/security-principles-for-devsecops,codecademy,course,0,3,15
2021 OWASP Top 10 Software and Data Integrity Failures,Software and data integrity protection covering code signing secure update mechanisms and preventing tampering with software and data,Codecademy,security,computer,https://www.codecademy.com/learn/2021-owasp-top-10-software-and-data-integrity-failures,codecademy,course,0,3,8
2021 OWASP Top 10 Vulnerable and Outdated Components,Component security and dependency management covering vulnerability scanning supply chain security and maintaining secure software dependencies,Codecademy,security,computer,https://www.codecademy.com/learn/2021-owasp-top-10-vulnerable-and-outdated-components,codecademy,course,0,3,8
2021 OWASP Top 10 Cryptographic Failures,Cryptography implementation and security covering encryption algorithms key management secure communications and preventing cryptographic vulnerabilities,Codecademy,security,computer,https://www.codecademy.com/learn/2021-owasp-top-10-cryptographic-failures,codecademy,course,0,3,10
Core DevOps Skills Moving Toward DevOps,Fundamental DevOps skills and practices covering automation collaboration infrastructure as code and transitioning to DevOps culture and methodologies,Codecademy,ci_cd,computer,https://www.codecademy.com/learn/ext-courses/core-devops-skills-moving-toward-devops,codecademy,course,0,2,20
Learn GitHub Actions and Codespaces,"GitHub automation and development environments covering CI/CD pipelines workflow automation and cloud-based development environments",Codecademy,ci_cd,github,https://www.codecademy.com/learn/learn-github-actions-and-codespaces,codecademy,course,1,3,15
Working with Containers Introduction to Kubernetes,Container orchestration with Kubernetes covering pods services deployments scaling and managing containerized applications in production,Codecademy,docker,docker,https://www.codecademy.com/learn/ext-courses/working-with-containers-introduction-to-kubernetes,codecademy,course,0,3,25
DevSecOps and Containers,"Security practices for containerized applications covering container security image scanning runtime protection and securing container deployment pipelines",Codecademy,"docker,security",docker,https://www.codecademy.com/learn/ext-courses/devsecops-and-containers,codecademy,course,0,3,18
DevSecOps in Continuous Integration Delivery CI CD,"Security in CI/CD pipelines covering automated security testing vulnerability scanning and integrating security checks into deployment automation",Codecademy,"ci_cd,security",ci_cd,https://www.codecademy.com/learn/ext-courses/devsecops-in-continuous-integration-delivery-ci-cd,codecademy,course,0,3,20
Important DevSecOps Tools,"Essential DevSecOps toolchain covering security scanners monitoring tools automation platforms and building comprehensive security toolsets",Codecademy,"ci_cd,security",ci_cd,https://www.codecademy.com/learn/ext-courses/important-devsecops-tools,codecademy,course,0,3,15
Introduction to JavaScript,JavaScript programming fundamentals covering variables functions objects arrays DOM manipulation and building interactive web applications from scratch,Codecademy,javascript,html,https://www.codecademy.com/learn/introduction-to-javascript,codecademy,course,0,1,20
Learn Intermediate JavaScript,Intermediate JavaScript concepts and techniques covering advanced functions closures prototypes asynchronous programming and modern JavaScript features,Codecademy,javascript,,https://www.codecademy.com/learn/learn-intermediate-javascript,codecademy,course,0,2,25
Learn JavaScript Fundamentals,Core JavaScript programming concepts covering syntax data types control structures functions and fundamental programming patterns in JavaScript,Codecademy,javascript,html,https://www.codecademy.com/learn/learn-javascript-fundamentals,codecademy,course,0,1,18
Learn JavaScript Best Practices,JavaScript coding best practices covering code organization performance optimization error handling and writing maintainable professional JavaScript code,Codecademy,javascript,javascript,https://www.codecademy.com/learn/learn-javascript-best-practices,codecademy,course,0,2,15
JavaScript Errors Debugging,JavaScript debugging techniques covering browser developer tools error handling testing strategies and troubleshooting common JavaScript problems,Codecademy,javascript,javascript,https://www.codecademy.com/learn/javascript-errors-debugging,codecademy,course,0,2,12
Learn JavaScript Objects,JavaScript object-oriented programming covering object creation inheritance prototypes and building object-oriented applications in JavaScript,Codecademy,javascript,javascript,https://www.codecademy.com/learn/learn-javascript-objects,codecademy,course,0,2,15
Learn JavaScript Requests,"JavaScript HTTP requests and API interaction covering fetch async/await promises and building applications that communicate with web services",Codecademy,"javascript,api",javascript,https://www.codecademy.com/learn/learn-javascript-requests,codecademy,course,1,2,10
Learn JavaScript Classes and Modules,Advanced JavaScript organization techniques covering ES6 classes module systems import/export and building modular scalable JavaScript applications,Codecademy,javascript,javascript,https://www.codecademy.com/learn/learn-javascript-classes-and-modules,codecademy,course,0,3,18
Learn SQL,SQL database querying fundamentals covering SELECT statements filtering sorting joins aggregation and essential database operations for data analysis,Codecademy,sql,,https://www.codecademy.com/learn/learn-sql,codecademy,course,0,1,25
Learn SQL Multiple Tables,Advanced SQL with multiple table operations covering complex joins subqueries table relationships and working with normalized database schemas,Codecademy,sql,sql,https://www.codecademy.com/learn/learn-sql-multiple-tables,codecademy,course,0,2,20
Learn SQL Aggregate Functions,SQL aggregate functions and analysis covering GROUP BY HAVING statistical functions and performing data analysis with SQL queries,Codecademy,sql,sql,https://www.codecademy.com/learn/learn-sql-aggregate-functions,codecademy,course,0,2,15
Learn Advanced React,Advanced React patterns and techniques covering hooks context API performance optimization error boundaries and building complex React applications,Codecademy,react,,https://www.codecademy.com/learn/learn-advanced-react,codecademy,course,0,3,30
Learn React Testing,"React application testing strategies covering Jest React Testing Library component testing integration testing and test-driven development for React",Codecademy,"react,testing",react,https://www.codecademy.com/learn/learn-react-testing,codecademy,course,1,3,20
Learn React Lifecycle Methods,React component lifecycle management covering mounting updating unmounting phases useEffect hook and optimizing component performance,Codecademy,react,,https://www.codecademy.com/learn/learn-react-lifecycle-methods,codecademy,course,0,2,15
Learn Redux Redux Toolkit,State management with Redux Toolkit covering modern Redux patterns store configuration reducers actions and efficient state management,Codecademy,redux,react,https://www.codecademy.com/learn/learn-redux-redux-toolkit,codecademy,course,0,3,25
React 101,Introduction to React fundamentals covering components JSX props state and building your first React applications with modern development practices,Codecademy,react,javascript,https://www.codecademy.com/learn/react-101,codecademy,course,1,1,20
Learn React Introduction,Basic React concepts and components covering virtual DOM component architecture event handling and fundamental React development patterns,Codecademy,react,javascript,https://www.codecademy.com/learn/learn-react-introduction,codecademy,course,0,1,25
Learn React Additional Basics,Additional React fundamentals covering forms conditional rendering lists keys and essential React concepts for building interactive applications,Codecademy,react,,https://www.codecademy.com/learn/learn-react-additional-basics,codecademy,course,0,2,18
Learn React Router v5,React application routing covering navigation route parameters nested routes and building single-page applications with React Router,Codecademy,react,,https://www.codecademy.com/learn/learn-react-router-v5,codecademy,course,0,2,15
Learn React Hooks,React Hooks API and usage covering useState useEffect custom hooks and transitioning from class components to functional components,Codecademy,react,,https://www.codecademy.com/learn/learn-react-hooks,codecademy,course,0,2,20
Learn React State Management,React state management patterns covering local state global state context API and choosing appropriate state management solutions,Codecademy,react,,https://www.codecademy.com/learn/learn-react-state-management,codecademy,course,0,2,18
Learn Redux,Redux state management fundamentals covering store actions reducers middleware and implementing predictable state management in React applications,Codecademy,redux,react,https://www.codecademy.com/learn/learn-redux,codecademy,course,0,3,25
Learn Redux Fundamentals,Core Redux concepts and patterns covering immutability functional programming principles and building scalable state management solutions,Codecademy,redux,javascript,https://www.codecademy.com/learn/learn-redux-fundamentals,codecademy,course,0,2,20
Learn Node.js,Server-side JavaScript with Node.js covering runtime environment modules npm package management and building backend applications with JavaScript,Codecademy,nodejs,javascript,https://www.codecademy.com/learn/learn-node-js,codecademy,course,1,2,30
Learn Node.js Fundamentals,Core Node.js concepts and APIs covering file system HTTP modules asynchronous programming and building scalable server-side applications,Codecademy,nodejs,javascript,https://www.codecademy.com/learn/learn-nodejs-fundamentals,codecademy,course,0,2,25
Learn Python Developer Tools with VS Code,"Python development environment setup covering Visual Studio Code extensions debugging testing and productive Python development workflows",Codecademy,"python,vscode",python,https://www.codecademy.com/learn/learn-python-developer-tools-with-vs-code,codecademy,course,0,2,12
Learn Advanced Python 3 Logging,Python logging best practices covering log levels handlers formatters and implementing comprehensive logging strategies for Python applications,Codecademy,python,python,https://www.codecademy.com/learn/learn-advanced-python-3-logging,codecademy,course,0,3,15
Learn Intermediate Python 3 Exceptions and Unit Testing,"Python error handling and testing covering exception handling try-catch blocks unit testing frameworks and building robust Python applications",Codecademy,"python,testing",python,https://www.codecademy.com/learn/learn-intermediate-python-3-exceptions-and-unit-testing,codecademy,course,1,2,20
Learn Intermediate Python 3 Functions Namespaces and Scope,Advanced Python functions and scope covering function design closures decorators namespaces and writing modular Python code,Codecademy,python,python,https://www.codecademy.com/learn/learn-intermediate-python-3-functions-namespaces-and-scope,codecademy,course,0,2,18
Creating Django Views Models,Django web framework basics covering models views templates URL routing and building database-driven web applications with Python,Codecademy,django,python,https://www.codecademy.com/learn/ext-courses/creating-django-views-models,codecademy,course,1,3,25
Learn the Command Line,Command line interface fundamentals covering navigation file operations permissions shell scripting and productive terminal usage for developers,Codecademy,bash,computer,https://www.codecademy.com/learn/learn-the-command-line,codecademy,course,0,1,15
Foundations Course,Comprehensive web development fundamentals covering HTML CSS JavaScript Git and essential skills for modern web development careers,The Odin Project,computer,,https://www.theodinproject.com/paths/foundations/courses/foundations,odinproject,course,1,0,80
Intermediate HTML and CSS,Advanced HTML and CSS techniques covering responsive design CSS Grid Flexbox animations and building professional-quality web interfaces,The Odin Project,"html,css",html,https://www.theodinproject.com/paths/full-stack-javascript/courses/intermediate-html-and-css,odinproject,course,1,2,60
Advanced HTML and CSS,Expert-level HTML and CSS development covering advanced layouts performance optimization accessibility and cutting-edge web technologies,The Odin Project,css,html,https://www.theodinproject.com/paths/full-stack-javascript/courses/advanced-html-and-css,odinproject,course,1,3,80
JavaScript Course,Comprehensive JavaScript programming covering fundamentals advanced concepts DOM manipulation and building dynamic interactive web applications,The Odin Project,javascript,html,https://www.theodinproject.com/paths/full-stack-javascript/courses/javascript,odinproject,course,1,2,120
React Course,React frontend development covering components hooks state management routing and building modern single-page applications with industry best practices,The Odin Project,react,javascript,https://www.theodinproject.com/paths/full-stack-javascript/courses/react,odinproject,course,1,3,100
Databases Course,Database design and SQL covering relational database concepts normalization query optimization and building efficient data-driven applications,The Odin Project,sql,computer,https://www.theodinproject.com/paths/full-stack-javascript/courses/databases,odinproject,course,1,2,40
Node.js Course,Backend development with Node.js covering Express.js RESTful APIs database integration authentication and building full-stack web applications,The Odin Project,nodejs,javascript,https://www.theodinproject.com/paths/full-stack-javascript/courses/nodejs,odinproject,course,1,3,80
Full Stack Developer Course,Complete full-stack development covering frontend backend databases deployment and building production-ready web applications from concept to deployment,FreeCodeCamp,computer,,https://www.freecodecamp.org/learn/full-stack-developer/,freecodecamp,course,1,2,300
Python for Everybody,Complete Python programming course covering fundamentals data structures web scraping databases and practical Python applications for real-world problems,FreeCodeCamp,python,,https://www.freecodecamp.org/learn/python-for-everybody/,freecodecamp,course,1,1,300
Relational Database Course,Database design and PostgreSQL covering SQL advanced queries database administration and building robust data-driven applications with relational databases,FreeCodeCamp,postgresql,sql,https://www.freecodecamp.org/learn/relational-database/#build-a-world-cup-database-project,freecodecamp,course,1,2,300
Frontend Development Libraries,"React Redux and frontend frameworks covering modern JavaScript libraries component-based architecture and building interactive user interfaces",FreeCodeCamp,"react,redux",javascript,https://www.freecodecamp.org/learn/front-end-development-libraries/,freecodecamp,course,1,2,300
HTML & CSS,Comprehensive HTML and CSS fundamentals covering semantic markup styling responsive design and modern web development standards for creating professional websites,App Academy Open,"html,css",,appacademy,course,1,1,40
Frameworks & Intro to JavaScript,"Web frameworks and JavaScript introduction covering popular frontend frameworks JavaScript fundamentals and transitioning from static to dynamic web development",App Academy Open,javascript,html,appacademy,course,0,2,50
Advanced JavaScript & Intro to React,Advanced JavaScript concepts and React introduction covering ES6+ features asynchronous programming and component-based frontend development,App Academy Open,react,javascript,appacademy,course,0,3,60
React,Comprehensive React development covering hooks context API testing performance optimization and building complex single-page applications with modern practices,App Academy Open,react,javascript,appacademy,course,1,3,80
Intro to Python,Python programming fundamentals covering syntax data structures algorithms object-oriented programming and building practical applications with Python,App Academy Open,python,,appacademy,course,1,1,50
Advanced Python,Advanced Python concepts covering decorators metaclasses concurrency web frameworks and building enterprise-level Python applications,App Academy Open,python,,https://www.appacademy.io/course/advanced-python,appacademy,course,1,3,70
Relational Databases & API REST Development,"Database design and REST API development covering SQL database administration RESTful architecture and building data-driven backend services",App Academy Open,"sql,api",sql,appacademy,course,1,2,60
Introduction to Backend Specialization,Backend development fundamentals covering server architecture databases APIs authentication and building scalable backend systems,App Academy Open,computer,,appacademy,course,0,2,40
Project Planning and Database Design,Software project planning and database architecture covering requirements analysis system design database modeling and project management methodologies,App Academy Open,database,,appacademy,course,1,2,30
Preparing and Publishing APIs,API development and deployment covering API design documentation testing deployment strategies and maintaining production API services,App Academy Open,api,computer,appacademy,course,1,3,40
Introduction to Frontend Specialization,Frontend development specialization covering advanced UI/UX modern frameworks responsive design and building professional frontend applications,App Academy Open,ui_ux,html,appacademy,course,1,2,35
React with Typescript Redux Auth0,"Advanced React development with TypeScript Redux state management Auth0 authentication and building type-safe scalable frontend applications",App Academy Open,"react,redux,auth",react,appacademy,course,1,4,50
Firebase React Testing CI/CD,"Firebase integration React testing strategies and CI/CD implementation covering cloud services automated testing and deployment automation",App Academy Open,"react,testing,ci_cd",react,appacademy,course,1,3,45
100+ Computer Science Concepts Explained,Comprehensive overview of essential computer science concepts covering algorithms data structures system design and fundamental CS principles in rapid-fire format,Fireship,computer,,https://www.youtube.com/watch?v=-uleG_Vecis,youtube,video,0,1,2
Harvard CS50 Full Course,Complete computer science foundation from Harvard covering programming algorithms data structures memory management and computational thinking,Harvard University,computer,,https://www.youtube.com/watch?v=LfaMVlDaQ24,youtube,video,1,1,24
100+ Web Development Things you Should Know,Essential web development concepts overview covering frontend backend databases deployment and modern web development ecosystem,Fireship,computer,computer,https://www.youtube.com/watch?v=erEgovG9WBs,youtube,video,0,2,2
JavaScript Cookies vs Local Storage vs Session Storage,"Browser storage mechanisms comparison covering cookies localStorage sessionStorage and choosing appropriate client-side storage solutions",Web Dev Simplified,internet,javascript,https://www.youtube.com/watch?v=GihQAC1I39Q,youtube,video,0,2,1
Difference between cookies session and tokens,Authentication mechanisms explained covering session-based authentication token-based authentication and security considerations for web applications,Programming with Mosh,auth,computer,https://www.youtube.com/watch?v=GhrvZ5nUWNg,youtube,video,0,2,1
DevOps CI/CD Explained in 100 Seconds,CI/CD pipeline fundamentals covering continuous integration continuous deployment automation and modern software delivery practices,Fireship,ci_cd,,https://www.youtube.com/watch?v=scEDHsr3APg,youtube,video,0,2,1
The Complete DevOps Roadmap,"Comprehensive DevOps learning path covering tools practices culture and building expertise in modern software delivery and operations",TechWorld with Nana,ci_cd,"computer,git,linux",https://www.youtube.com/watch?v=6GQRb4fGvtk,youtube,video,0,2,3
Bash in 100 Seconds,Bash scripting quick introduction covering command-line basics shell scripting fundamentals and productive terminal usage for developers,Fireship,bash,,https://www.youtube.com/watch?v=I4EWvMFj37g,youtube,video,0,1,1
Bash Scripting Tutorial for Beginners,"Complete bash scripting guide covering variables loops functions file operations and automating system administration tasks",Programming Knowledge,bash,computer,https://www.youtube.com/watch?v=tK9Oc6AEnR4,youtube,video,0,1,4
Beginner's Guide to the Bash Terminal,"Command line basics for beginners covering navigation file management permissions and essential terminal skills for developers",Joe Collins,bash,computer,https://www.youtube.com/watch?v=oxuRxtrO2Ag,youtube,video,0,1,2
APIs Explained in 4 Minutes,API concepts and usage covering REST APIs HTTP methods endpoints and how applications communicate through programming interfaces,Joma Tech,api,,https://www.youtube.com/watch?v=bxuYDT-BWaI,youtube,video,0,1,1
What is a REST API,REST API principles and design covering HTTP methods resource modeling status codes and building RESTful web services,Programming with Mosh,rest,api,https://www.youtube.com/watch?v=lsMQRaeKNDk,youtube,video,0,2,1
What Are API Keys And Why Are They So Important,"API security and authentication covering API key management authentication strategies and protecting API endpoints from unauthorized access",Eye on Tech,api,computer,https://www.youtube.com/watch?v=sNn23dPRUS8,youtube,video,0,2,1
What is an IDE,Integrated Development Environment fundamentals covering code editors debugging tools and choosing development environments for programming,Tech With Tim,ide,,https://www.youtube.com/watch?v=vUn5akOlFXQ,youtube,video,0,1,1
VS Code in 100 Seconds,Visual Studio Code overview covering features extensions productivity tips and setting up VS Code for efficient development workflows,Fireship,vscode,,https://www.youtube.com/watch?v=KMxo3T_MTvY,youtube,video,0,1,1
Visual Studio Code Crash Course,Comprehensive VS Code tutorial covering interface extensions debugging Git integration and maximizing productivity with Visual Studio Code,Traversy Media,vscode,computer,https://www.youtube.com/watch?v=WPqXP_kLzpo,youtube,video,0,1,2
Linux for Programmers Environment Variables,Environment variables in Linux covering configuration management shell variables and using environment variables for application configuration,NetworkChuck,variable,linux,https://www.youtube.com/watch?v=yM8v5i2Qjgg,youtube,video,0,2,1
Load Environment Variables From .env Files in Python,"Python environment configuration covering dotenv files configuration management and maintaining secure application settings in Python projects",Corey Schafer,variable,python,https://www.youtube.com/watch?v=8dlQ_nDE7dQ,youtube,video,0,2,1
The Scrum Guide FULL COURSE,Complete Scrum methodology training covering roles ceremonies artifacts and implementing Agile Scrum practices in software development teams,Visual Paradigm,agile,,https://www.youtube.com/watch?v=s3y95I79D_Q,youtube,video,0,2,4
GraphQL Explained in 100 Seconds,GraphQL fundamentals covering query language schema design and advantages over REST APIs for flexible data fetching,Fireship,graphql,api,https://www.youtube.com/watch?v=eIQh02xuVw4,youtube,video,0,2,1
GraphQL Course for Beginners,"Complete GraphQL tutorial covering schema design queries mutations resolvers and building GraphQL APIs from scratch",freeCodeCamp.org,graphql,"javascript,api",https://www.youtube.com/watch?v=5199E50O7SI,youtube,video,1,2,4
Learn Python - Full Course for Beginners,Complete Python programming tutorial covering syntax data structures functions object-oriented programming and building practical Python applications,freeCodeCamp.org,python,,https://www.youtube.com/watch?v=rfscVS0vtbw,youtube,video,1,1,4
Python Crash Course For Beginners,Quick Python introduction covering essential concepts syntax programming fundamentals and getting started with Python development,Traversy Media,python,,https://www.youtube.com/watch?v=JJmcL1N2KQs,youtube,video,0,1,2
Python Virtual Environments - Full Tutorial for Beginners,Python environment management covering virtual environments dependency isolation and managing Python project dependencies professionally,Corey Schafer,python,python,https://www.youtube.com/watch?v=Y21OR1OPC9A,youtube,video,0,2,1
Django Tutorial for Beginners – Build Powerful Backends,Complete Django web development covering models views templates URL routing and building database-driven web applications with Python,Programming with Mosh,django,python,https://www.youtube.com/watch?v=rHux0gMZ3Eg,youtube,video,1,2,3
Python Django Web Framework - Full Course for Beginners,Comprehensive Django tutorial covering web framework fundamentals MVC architecture database integration and building production-ready web applications,freeCodeCamp.org,django,python,https://www.youtube.com/watch?v=F5mRW0jo-U4,youtube,video,1,1,4
Django Crash Course – Python Web Framework,Quick Django introduction covering rapid web development database models admin interface and building web applications efficiently with Django,Traversy Media,django,python,https://www.youtube.com/watch?v=0roB7wZMLqI,youtube,video,0,2,2
PostgreSQL in 100 Seconds,PostgreSQL database overview covering relational database features advanced capabilities and why PostgreSQL is chosen for modern applications,Fireship,postgresql,,https://www.youtube.com/watch?v=n2Fluyr3lbc,youtube,video,0,1,1
What is a Database,Database fundamentals explained covering data storage organization relationships and the role of databases in modern applications,Crash Course Computer Science,database,,https://www.youtube.com/watch?v=hRulZhTtUTg,youtube,video,0,1,1
What is a Relational Database,Relational database concepts covering tables relationships normalization and understanding how relational databases organize and connect data,IBM Technology,database,,https://www.youtube.com/watch?v=OqjJjpjDRLc,youtube,video,0,1,1
SQL Tutorial - Full Database Course for Beginners,Complete SQL learning course covering queries joins aggregation database design and mastering SQL for data analysis and database management,freeCodeCamp.org,sql,,https://www.youtube.com/watch?v=HXV3zeQKqGY,youtube,video,1,1,4
SQL Tutorial for Beginners Introduction to SQL Databases,SQL fundamentals for beginners covering basic queries database operations and getting started with structured query language,Programming with Mosh,sql,,https://www.youtube.com/watch?v=H-jFp7iegDk,youtube,video,0,1,2
Learn PostgreSQL Tutorial - Full Course for Beginners,Complete PostgreSQL tutorial covering installation administration advanced features and building applications with PostgreSQL database,freeCodeCamp.org,postgresql,sql,https://www.youtube.com/watch?v=qw--VYLpxG4,youtube,video,1,2,5
100+ JavaScript Concepts you Need to Know,JavaScript concepts overview covering language features modern syntax frameworks and essential knowledge for JavaScript developers,Fireship,javascript,html,https://www.youtube.com/watch?v=lkIFF4maKMU,youtube,video,0,2,2
Learn JavaScript - Full Course for Beginners,Complete JavaScript programming covering fundamentals DOM manipulation functions objects and building interactive web applications from scratch,freeCodeCamp.org,javascript,html,https://www.youtube.com/watch?v=PkZNo7MFNFg,youtube,video,1,1,3
JavaScript Speed Course,"Fast-paced JavaScript tutorial covering essential concepts syntax modern features and rapid skill development for experienced programmers",Traversy Media,javascript,html,https://www.youtube.com/watch?v=TjjKcgtlsY8,youtube,video,0,2,2
Learn JavaScript in 60 Minutes,Quick JavaScript introduction covering core concepts syntax programming fundamentals and getting productive with JavaScript development quickly,Programming with Mosh,javascript,html,https://www.youtube.com/watch?v=voLJ3CmaM1s,youtube,video,0,1,1
JavaScript Crash Course For Beginners,JavaScript fundamentals crash course covering variables functions DOM manipulation events and building interactive web pages,Traversy Media,javascript,html,https://www.youtube.com/watch?v=hdI2bqOjy3c,youtube,video,0,1,2
JSON Tutorial - Learn in 15 Minutes,JSON data format fundamentals covering syntax parsing serialization and using JSON for data exchange in web applications,WebDevMentors,json,,https://www.youtube.com/watch?v=0kHFDV1lAuI,youtube,video,0,1,1
JSON in 100 Seconds,Quick JSON overview covering JavaScript Object Notation syntax structure and role in modern web development and APIs,Fireship,json,,https://www.youtube.com/watch?v=rZUfzlOIqJo,youtube,video,0,1,1
What are CSV Files,CSV format explanation covering comma-separated values file structure data import/export and working with tabular data,ExcelIsFun,csv,,https://www.youtube.com/watch?v=PiO2dDvMiJo,youtube,video,0,1,1
What is CSV file,CSV file format basics covering structure usage data manipulation and importing/exporting CSV files in various applications,Amit Thinks,csv,,https://www.youtube.com/watch?v=OGOD2Fqy5k8,youtube,video,0,1,1
Node.js Crash Course,Node.js fundamentals tutorial covering runtime environment modules HTTP server creation and building backend applications with JavaScript,Traversy Media,nodejs,javascript,https://www.youtube.com/watch?v=32M1al-Y6Ag,youtube,video,1,2,2
Node.js Tutorial for Beginners,Complete Node.js introduction covering server-side JavaScript npm package management and building scalable backend applications,Programming with Mosh,nodejs,javascript,https://www.youtube.com/watch?v=gyQyk80_upM,youtube,video,1,1,3
React in 100 Seconds,Quick React overview covering component-based architecture virtual DOM JSX and the fundamentals of building user interfaces with React,Fireship,react,javascript,https://www.youtube.com/watch?v=Tn6-PIqc4UM,youtube,video,0,1,1
How to Rewire Your Brain to Learn React,React learning methodology covering mental models component thinking and effective strategies for mastering React development,Jack Herrington,react,javascript,https://www.youtube.com/watch?v=gjxY0aVdoCY,youtube,video,0,2,1
Every React Concept Explained in 12 Minutes,"React concepts overview covering components state props hooks routing and comprehensive React fundamentals in condensed format",Code with Antonio,react,javascript,https://www.youtube.com/watch?v=wIyHSOugGGw,youtube,video,0,2,1
ALL React Hooks Explained in 12 Minutes,React Hooks comprehensive guide covering useState useEffect useContext custom hooks and modern React functional component patterns,Lama Dev,react,react,https://www.youtube.com/watch?v=LOH1l-MP_9k,youtube,video,0,2,1
React JS Explained In 10 Minutes,React fundamentals quick guide covering component architecture state management and building dynamic user interfaces efficiently,Traversy Media,react,javascript,https://www.youtube.com/watch?v=s2skans2dP4,youtube,video,0,1,1
React Crash Course,React introduction tutorial covering components JSX state events and building your first React applications with modern practices,Traversy Media,react,javascript,https://www.youtube.com/watch?v=LDB4uaJ87e0,youtube,video,1,1,2
React Course - Beginner's Tutorial for React JavaScript Library,Complete React tutorial covering fundamentals advanced concepts project building and mastering React for modern web development,freeCodeCamp.org,react,javascript,https://www.youtube.com/watch?v=bMknfKXIFA8,youtube,video,1,1,5
Redux in 100 Seconds,Redux fundamentals overview covering state management predictable state containers and managing application state in React applications,Fireship,redux,react,https://www.youtube.com/watch?v=_shA5Xwe8_4,youtube,video,0,2,1
Redux Tutorial - Learn Redux from Scratch,Complete Redux tutorial covering actions reducers store middleware and implementing state management in React applications,Codevolution,redux,react,https://www.youtube.com/watch?v=poQXNp9ItL4,youtube,video,0,2,3
Redux - Complete Tutorial with Redux Toolkit,Modern Redux with toolkit covering simplified Redux patterns efficient state management and building scalable applications,Dave Gray,redux,react,https://www.youtube.com/watch?v=5yEG6GhoJBs,youtube,video,1,3,4
React Redux Full Course for Beginners,Complete React Redux tutorial covering state management integration testing and building complex applications with predictable state,Dave Gray,redux,react,https://www.youtube.com/watch?v=NqzdVN2tyvQ,youtube,video,1,2,9
Learn Docker in 7 Easy Steps - Full Beginner's Tutorial,Docker fundamentals tutorial covering containers images Dockerfile Docker Compose and containerizing applications for deployment,TechWorld with Nana,docker,computer,https://www.youtube.com/watch?v=gAkwW2tuIqE,youtube,video,1,1,2
Containers vs VMs What's the difference,Containerization vs virtualization covering performance resource usage isolation and choosing between containers and virtual machines,IBM Technology,docker,,https://www.youtube.com/watch?v=cjXI-yxqGTI,youtube,video,0,1,1
Containerization Explained,Container technology overview covering benefits architecture orchestration and understanding modern application deployment strategies,IBM Technology,docker,,https://www.youtube.com/watch?v=0qotVMX-J5s,youtube,video,0,1,1
Docker Compose Tutorial,Docker Compose fundamentals covering multi-container applications service orchestration and managing complex development environments,TechWorld with Nana,docker,docker,https://www.youtube.com/watch?v=HG6yIjZapSA,youtube,video,1,2,1
Docker Tutorial for Beginners Full Course 2021,Complete Docker tutorial covering installation containers images networks volumes and mastering Docker for application deployment,TechWorld with Nana,docker,computer,https://www.youtube.com/watch?v=p28piYY_wv8,youtube,video,1,1,3
Docker Tutorial for Beginners,Docker introduction tutorial covering containerization concepts practical examples and getting started with Docker development workflows,Programming with Mosh,docker,computer,https://www.youtube.com/watch?v=pTFZFxd4hOI,youtube,video,1,1,3
Git vs. GitHub What's the difference,Version control concepts covering Git distributed version control GitHub platform and understanding the relationship between Git and GitHub,GitHub,git,,https://www.youtube.com/watch?v=wpISo9TNjfU,youtube,video,0,1,1
Git Command Line for Beginners - Full Course,Complete Git tutorial covering command line operations branching merging collaboration and mastering Git for professional development,codeSTACKr,git,computer,https://www.youtube.com/watch?v=T2GC5nm5aLI,youtube,video,1,1,2
What is NPM and why do we need it,NPM package manager basics covering Node.js packages dependency management installation and understanding the JavaScript ecosystem,Coder Coder,npm,nodejs,https://www.youtube.com/watch?v=P3aKRdUyr0s,youtube,video,0,1,1
NPM vs Yarn Difference between NPM & Yarn,Package manager comparison covering performance features security and choosing between NPM and Yarn for JavaScript projects,Edureka,yarn,npm,https://www.youtube.com/watch?v=Mp_LqbgFHSk,youtube,video,0,2,1
Figma Tutorial for UI Design,Complete Figma design tutorial covering interface design prototyping collaboration and creating professional user interface designs,DesignCourse,figma,,https://www.youtube.com/watch?v=jwCmIBJ8Jtc,youtube,video,1,1,2
UI UX Design Tutorial – Wireframe Mockup & Design in Figma,Complete UI/UX design process covering wireframing mockup creation prototyping and designing user-centered digital experiences,freeCodeCamp.org,ui_ux,,https://www.youtube.com/watch?v=c9Wg6Cb_YlU,youtube,video,1,2,5
How to Design a Website – A UX Wireframe Tutorial,Website wireframe design covering user experience planning information architecture and creating effective website layouts,freeCodeCamp.org,ui_ux,,https://www.youtube.com/watch?v=pN92rnO_n5U,youtube,video,1,2,2
UI/UX Design Course for Beginners,Complete UI/UX design course covering design principles user research prototyping and building professional design skills,Bring Your Own Laptop,ui_ux,,https://www.youtube.com/watch?v=AQqtwGnpjaM,youtube,video,1,1,6
Material UI Tutorial,"Material-UI component library covering React components theming customization and building consistent user interfaces with Google's Material Design",The Net Ninja,"react,mui",react,https://www.youtube.com/playlist?list=PL4cUxeGkcC9gjxLvV4VEkZ6H6H4yWuS58,youtube,playlist,0,2,8
MUI5 Material UI Crash Course,"Modern Material-UI tutorial covering latest version components styling and building professional React applications with Material Design",Lama Dev,"react,mui",react,https://www.youtube.com/watch?v=o1chMISeTC0,youtube,video,0,2,2
HTML & Coding Introduction – Course for Beginners,HTML fundamentals for beginners covering markup structure semantic elements and building the foundation for web development,freeCodeCamp.org,html,,https://www.youtube.com/watch?v=GDGejH3SDNQ,youtube,video,0,0,2
HTML Tutorial For Beginners - 2025 NEW,Modern HTML tutorial covering latest standards semantic markup accessibility and building professional web pages,Dave Gray,html,,https://www.youtube.com/watch?v=Gs5yi3Hi5qo,youtube,video,0,1,3
The Easy Way to Build Responsive Websites,Responsive web design tutorial covering CSS Grid Flexbox mobile-first design and creating websites that work on all devices,Kevin Powell,css,html,https://www.youtube.com/watch?v=l04dDYW-QaI,youtube,video,1,2,2
NGINX Explained in 100 Seconds,NGINX web server overview covering reverse proxy load balancing static file serving and understanding NGINX in modern web architecture,Fireship,nginx,,https://www.youtube.com/watch?v=JKxlsvZXG7c,youtube,video,0,2,1
NGINX Explained - What is Nginx,NGINX fundamentals covering web server capabilities configuration reverse proxy and using NGINX for high-performance web applications,TechWorld with Nana,nginx,linux,https://www.youtube.com/watch?v=iInUBOVeBCc,youtube,video,0,2,1
Full NGINX Tutorial - Demo Project with Node.js Docker,"Complete NGINX tutorial covering configuration Docker integration Node.js deployment and building production-ready web infrastructure",TechWorld with Nana,"nginx,nodejs","docker,linux",https://www.youtube.com/watch?v=q8OleYuqntY,youtube,video,1,3,2
Session vs Token Authentication in 100 Seconds,Authentication methods comparison covering session-based vs token-based authentication security considerations and implementation strategies,Fireship,auth,,https://www.youtube.com/watch?v=UBUNrFtufWo,youtube,video,0,2,1
CSRF Explained Understanding Cross Site Request Forgery,CSRF attack prevention covering attack vectors protection mechanisms and implementing CSRF protection in web applications,PwnFunction,csrf,security,https://www.youtube.com/watch?v=eHqbh0kyRYk,youtube,video,0,3,1
Cross-Site Request Forgery CSRF Explained,CSRF vulnerability explanation covering attack methodology prevention techniques and securing web applications against CSRF attacks,Hussein Nasser,csrf,security,https://www.youtube.com/watch?v=eWEgUcHPle0,youtube,video,0,3,1
Web App Vulnerabilities - DevSecOps Course for Beginners,Web security fundamentals covering common vulnerabilities secure coding practices and building security into development workflows,freeCodeCamp.org,security,computer,https://www.youtube.com/watch?v=F5KJVuii0Yw,youtube,video,0,2,4
Web Application Security Fundamentals,Application security basics covering threat modeling security controls vulnerability assessment and building secure web applications,OWASP Foundation,security,computer,https://www.youtube.com/watch?v=-7OX58nHPb8,youtube,video,0,3,3
Software Testing Explained in 100 Seconds,Software testing fundamentals covering testing types test automation quality assurance and ensuring software reliability and functionality,Fireship,testing,,https://www.youtube.com/watch?v=u6QfIXgjwGQ,youtube,video,0,1,1
Quality Assurance What is Quality Assurance,Quality assurance fundamentals covering QA processes testing methodologies and maintaining software quality throughout development lifecycle,SimpliLearn,qa,,https://www.youtube.com/watch?v=4neq2L6yDRI,youtube,video,0,1,1